{
  "camera_height": 0.38,
  "camera_pitch": 0.20274746030853902,
  "camera_pitch_degrees": 11.616573782675461,
  "intrinsics": {
    "fx": 574.1,
    "fy": 574.1,
    "cx": 320.0,
    "cy": 240.0
  },
  "calibration_points": [
    {
      "Z": 2.0,
      "v": 469,
      "u": 320
    },
    {
      "Z": 3.0,
      "v": 439,
      "u": 303
    },
    {
      "Z": 4.0,
      "v": 419,
      "u": 296
    },
    {
      "Z": 5.0,
      "v": 405,
      "u": 296
    }
  ],
  "timestamp": 1769446642
}