{
  "camera_height": 0.49,
  "camera_pitch": -0.087,
  "camera_pitch_degrees": -3.605164583526974,
  "intrinsics": {
    "fx": 466.42,
    "fy": 466.49,
    "cx": 322.99,
    "cy": 240.04
  },
  "distortion": {
    "k1": 0.086645,
    "k2": -0.244839,
    "p1": 0.000400,
    "p2": -0.000558,
    "k3": 0.257874
  },
  "calibration_points": [
    {
      "Z": 2.0,
      "v": 313,
      "u": 337
    },
    {
      "Z": 3.0,
      "v": 276,
      "u": 327
    },
    {
      "Z": 4.0,
      "v": 256,
      "u": 350
    },
    {
      "Z": 5.0,
      "v": 249,
      "u": 393
    }
  ],
  "timestamp": 1769534076
}