{
  "camera_height": 0.38,
  "camera_pitch": -0.3338819198894487,
  "camera_pitch_degrees": -19.130024865390467,
  "intrinsics": {
    "fx": 574.1,
    "fy": 574.1,
    "cx": 320.0,
    "cy": 240.0
  },
  "calibration_points": [
    {
      "Z": 2.0,
      "v": 154,
      "u": 344
    },
    {
      "Z": 3.0,
      "v": 117,
      "u": 313
    },
    {
      "Z": 4.0,
      "v": 103,
      "u": 306
    },
    {
      "Z": 5.0,
      "v": 89,
      "u": 300
    }
  ],
  "timestamp": 1769447703
}