{
  "camera_height": 0.46,
  "camera_pitch": 0.018,
  "camera_pitch_degrees": -13.929832785372819,
  "intrinsics": {
    "fx": 479.66,
    "fy": 479.63,
    "cx": 321.43,
    "cy": 239.13
  },
  "distortion": {
    "k1": 0.087814,
    "k2": -0.224605,
    "p1": 0.001618,
    "p2": 0.000306,
    "k3": 0.159639
  },
  "calibration_points": [
    {
      "Z": 2.0,
      "v": 202,
      "u": 369
    },
    {
      "Z": 3.0,
      "v": 172,
      "u": 352
    },
    {
      "Z": 4.0,
      "v": 158,
      "u": 340
    },
    {
      "Z": 5.0,
      "v": 146,
      "u": 341
    }
  ],
  "timestamp": 1769447135
}