{
  "yaw_correction": 0.005000000000000002,
  "yaw_correction_degrees": 0.2864788975654117,
  "cx_correction": 11.0,
  "timestamp": 1767913219
}